RYM Album, First Name,Last Name,First Name localized, Last Name localized,Title,Release_Date,Rating,Ownership,Purchase Date,Media Type, Review, Review Title
"16123458","","김뜻돌","","Meaningful Stone","천사 인터뷰","2024","7","n","","","",""
"149838","","이정현","","Lee Jung Hyun","Let's Go to My Star","1999","7","n","","","",""
"9441326","","공중도둑","","Mid-Air Thief","무너지기","2018","9","n","","","",""
"15009546","","파란노을","","Parannoul","After the Magic","2023","7","n","","","",""
"15202416","","파란노을","","Parannoul","After the Night","2023","8","n","","","",""
"15965301","","파란노을","","Parannoul","Sky Hundred","2024","8","n","","","",""
"12722099","","파란노을","","Parannoul","To See the Next Part of the Dream","2021","7","n","","","",""
"9895412","","이달의 소녀","","LOONA","X X","2019","7","n","","","",""
"14810066","The","1975","","","Being Funny in a Foreign Language","2022","6","n","","","",""
"6164775","","2814","","","新しい日の誕生","2015","8","n","","","",""
"3717196","","A$AP Rocky","","","LiveLoveA$AP","2011","8","n","","","",""
"5110","","Aaliyah","","","Aaliyah","2001","8","n","","","",""
"314584","","advantage Lucy","","","ファンファーレ","1999","7","n","","","",""
"15813852","","aespa","","","Armageddon","2024","6","n","","","",""
"15497045","","aespa","","","Drama","2023","6","n","","","",""
"14771884","","aespa","","","Girls","2022","5","n","","","",""
"15234411","","aespa","","","MY WORLD","2023","6","n","","","",""
"16606101","","aespa","","","Rich Man","2025","6","n","","","",""
"13642003","","aespa","","","Savage","2021","8","n","","","",""
"16061597","","aespa","","","Whiplash","2024","6","n","","","",""
"471234","","Agalloch","","","Ashes Against the Grain","2006","8","n","","","",""
"145661","","Alban Berg Quartett / Heinrich Schiff","","","Quintett C-Dur","1983","8","n","","","",""
"2693437","","Alcest","","","Écailles de lune","2010","8","n","","","",""
"776199","","Alcest","","","Souvenirs d'un autre monde","2007","7","n","","","",""
"9553","","American Football","","","American Football","1999","7","n","","","",""
"2106868","","Amesoeurs","","","Amesoeurs","2009","7","n","","","",""
"1848760","","Animal Collective","","","Merriweather Post Pavilion","2009","7","n","","","",""
"9550","","Aphex Twin","","","Come to Daddy","1997","7","n","","","",""
"3017","","Aphex Twin","","","drukqs","2001","9","n","","","",""
"5053","","Aphex Twin","","","Richard D. James Album","1996","7","n","","","",""
"2590","","Aphex Twin","","","Selected Ambient Works 85-92","1992","8","n","","","",""
"8797","","Aphex Twin","","","Selected Ambient Works Volume II","1994","7","n","","","",""
"5756831","","Aphex Twin","","","Syro","2014","7","n","","","",""
"25827","","Aphex Twin","","","Windowlicker","1999","7","n","","","",""
"217","Fiona","Apple","","","When the Pawn","1999","8","n","","","",""
"15497236","","Aprxel","","","Tapetumlucidum<3","2023","7","n","","","",""
"185644","","Arcade Fire","","","Funeral","2004","7","n","","","",""
"764145","","Arctic Monkeys","","","Favourite Worst Nightmare","2007","7","n","","","",""
"432152","","Arctic Monkeys","","","Whatever People Say I Am, That's What I'm Not","2006","7","n","","","",""
"16458643","","ARTMS","","","Club Icarus","2025","6","n","","","",""
"15723763","","ARTMS","","","Dall","2024","7","n","","","",""
"16240088","","Asian Glow","","","11100011","2025","6","n","","","",""
"14533120","","Asian Glow &amp; Weatherday","","","Weatherglow","2022","8","n","","","",""
"442","","At the Drive-In","","","Relationship of Command","2000","7","n","","","",""
"3825","","Autechre","","","Amber","1994","6","n","","","",""
"3838","","Autechre","","","Autechre [LP5]","1998","8","n","","","",""
"3841","","Autechre","","","Confield","2001","8","n","","","",""
"125809","","Autechre","","","Tri repetae","1995","7","n","","","",""
"2611","The","Avalanches","","","Since I Left You","2000","7","n","","","",""
"3929972","Joey","Bada$$","","","1999","2012","7","n","","","",""
"22002","Erykah","Badu","","","Baduizm","1997","8","n","","","",""
"8482","Erykah","Badu","","","Mama's Gun","2000","8","n","","","",""
"63","The","Beach Boys","","","Pet Sounds","1966","7","n","","","",""
"2548617","","Beach House","","","Teen Dream","2010","7","n","","","",""
"515","","Beastie Boys","","","Paul's Boutique","1989","7","n","","","",""
"12","The","Beatles","","","Abbey Road","1969","8","n","","","",""
"206","The","Beatles","","","Revolver","1966","8","n","","","",""
"205","The","Beatles","","","Rubber Soul","1965","8","n","","","",""
"8","The","Beatles","","","The Beatles [White Album]","1968","8","n","","","",""
"67","","Belle and Sebastian","","","If You're Feeling Sinister","1996","8","n","","","",""
"1039131","","Berliner Philharmoniker / Herbert von Karajan","","","IX. Symphonie","1963","8","n","","","",""
"140404","","Berliner Philharmoniker / Herbert von Karajan","","","Symphonie No. 9","1984","8","n","","","",""
"14786957","","Beyoncé","","","Renaissance","2022","7","n","","","",""
"47550","","Big L","","","Lifestylez ov da Poor &amp; Dangerous","1995","8","n","","","",""
"16508899","","Big Thief","","","Double Infinity","2025","7","n","","","",""
"13799017","","Big Thief","","","Dragon New Warm Mountain I Believe in You","2022","8","n","","","",""
"7216269","","Big Thief","","","Masterpiece","2016","7","n","","","",""
"879","","Björk","","","Debut","1993","7","n","","","",""
"882","","Björk","","","Homogenic","1997","8","n","","","",""
"880","","Björk","","","Post","1995","7","n","","","",""
"2438","","Björk","","","Vespertine","2001","9","n","","","",""
"15482112","","bl4ck m4rket c4rt","","","Today I Laid Down","2023","7","n","","","",""
"13801985","","Black Country, New Road","","","Ants From Up There","2022","8","n","","","",""
"16293432","","Black Country, New Road","","","Forever Howlong","2025","7","n","","","",""
"5964757","","Black Kray","","","700 Dagreez","2014","7","n","","","",""
"7690218","","Black Kray","","","Crack Cloud$ Over Arts Kitchen","2013","8","n","","","",""
"14741829","","black midi","","","Hellfire","2022","8","n","","","",""
"2276","","Black Sabbath","","","Paranoid","1970","8","n","","","",""
"15818243","","Bladee","","","Cold Visions","2024","7","n","","","",""
"9862549","","Bladee","","","Icedancer","2018","7","n","","","",""
"210605","","Bloc Party","","","Silent Alarm","2005","7","n","","","",""
"5687","","Boards of Canada","","","Geogaddi","2002","10","n","","","",""
"21207","","Boards of Canada","","","Hi Scores","1999","7","n","","","",""
"27232","","Boards of Canada","","","In a Beautiful Place Out in the Country","2000","8","n","","","",""
"2591","","Boards of Canada","","","Music Has the Right to Children","1998","9","n","","","",""
"358836","","Boards of Canada","","","The Campfire Headphase","2005","8","n","","","",""
"4541338","","Boards of Canada","","","Tomorrow's Harvest","2013","7","n","","","",""
"539291","","Boards of Canada","","","Trans Canada Highway","2006","7","n","","","",""
"27971","","Boards of Canada","","","Twoism","1995","7","n","","","",""
"829005","","Boris","","","Akuma no Uta","2003","8","n","","","",""
"43264","","Boris","","","Amplifier Worship","1998","7","n","","","",""
"124756","","Boris","","","Boris at Last -Feedbacker-","2003","9","n","","","",""
"124755","","Boris","","","Flood","2000","9","n","","","",""
"43265","","Boris","","","Heavy Rocks","2002","8","n","","","",""
"448113","","Boris","","","Pink","2005","8","n","","","",""
"92546","","Botch","","","We Are the Romans","1999","7","n","","","",""
"623","David","Bowie","","","The Rise and Fall of Ziggy Stardust and The Spiders From Mars","1972","8","n","","","",""
"66542","","Brand New","","","Déjà entendu","2003","7","n","","","",""
"634014","","Brand New","","","The Devil and God Are Raging Inside Me","2006","7","n","","","",""
"3566","","Brandy","","","Full Moon","2002","7","n","","","",""
"3026334","","Brave Little Abacus","","","Demo?","2008","8","n","","","",""
"3856201","","Brave Little Abacus","","","Okumay","2012","8","n","","","",""
"3026362","The","Brave Little Abacus","","","Just Got Back From the Discomfort—We're Alright","2010","9","n","","","",""
"3026355","The","Brave Little Abacus","","","Masked Dancers: Concern in So Many Things You Forget Where You Are","2009","8","n","","","",""
"42034","","Broken Social Scene","","","You Forgot It in People","2002","7","n","","","",""
"7548871","Danny","Brown","","","Atrocity Exhibition","2016","9","n","","","",""
"10088015","","BTS","","","Map of the Soul: Persona","2019","5","n","","","",""
"7350586","","BTS","","","Young Forever (花樣年華)","2016","7","n","","","",""
"902","Jeff","Buckley","","","Grace","1994","8","n","","","",""
"66032","Harold","Budd / Brian Eno","","","Ambient 2: The Plateaux of Mirror","1980","7","n","","","",""
"2614","","Built to Spill","","","Keep It Like a Secret","1999","7","n","","","",""
"2615","","Built to Spill","","","Perfect From Now On","1997","8","n","","","",""
"2616","","Built to Spill","","","There's Nothing Wrong With Love","1994","6","n","","","",""
"3776055","","Burial","","","Kindred EP","2012","8","n","","","",""
"1064977","","Burial","","","Untrue","2007","7","n","","","",""
"3137","Kate","Bush","","","Hounds of Love","1985","7","n","","","",""
"15027061","","bye2","","","Metamorphose","2022","7","n","","","",""
"16099438","Ethel","Cain","","","Perverts","2025","7","n","","","",""
"16379991","Ethel","Cain","","","Willoughby Tucker, I'll Always Love You","2025","8","n","","","",""
"4578738","","Candy Claws","","","Ceres &amp; Calypso in the Deep Time","2013","7","n","","","",""
"8800","","Cannibal Ox","","","The Cold Vein","2001","7","n","","","",""
"34631","","caP'n Jazz","","","Analphabetapolothology","1998","7","n","","","",""
"718111","","capsule","","","Fruits Clipper","2006","7","n","","","",""
"946567","","capsule","","","L.D.K. Lounge Designers Killer","2005","7","n","","","",""
"28550","","Carissa's Wierd","","","Songs About Leaving","2002","8","n","","","",""
"7048527","","Car Seat Headrest","","","Teens of Denial","2016","7","n","","","",""
"8857731","","Car Seat Headrest","","","Twin Fantasy","2018","8","n","","","",""
"16879","Gustavo","Cerati","","","Bocanada","1999","8","n","","","",""
"10453","The","Chameleons","","","Script of the Bridge","1983","7","n","","","",""
"15723703","","Charli XCX","","","Brat","2024","8","n","","","",""
"16046100","","Charli XCX","","","Brat and It's Completely Different but Also Still Brat","2024","7","n","","","",""
"11332993","","Charli XCX","","","How I'm Feeling Now","2020","8","n","","","",""
"15955706","","Chat Pile","","","Cool World","2024","7","n","","","",""
"2068942","","Chicago Symphony Orchestra / Sir Georg Solti","","","Symphony No. 9 'From the New World'","1984","8","n","","","",""
"132050","","Chicago Symphony / Reiner","","","Scheherazade","1960","8","n","","","",""
"15712476","","Cindy Lee","","","Diamond Jubilee","2024","8","n","","","",""
"14749054","George","Clanton","","","Ooh Rap I Ya","2023","7","n","","","",""
"236","The","Clash","","","London Calling","1979","9","n","","","",""
"11938310","","clipping.","","","Visions of Bodies Being Burned","2020","7","n","","","",""
"15923812","","Clipse","","","Let God Sort Em Out","2025","8","n","","","",""
"1179","","Cocteau Twins","","","Heaven or Las Vegas","1990","7","n","","","",""
"1175","","Cocteau Twins","","","Treasure","1984","7","n","","","",""
"10702","John","Coltrane","","","A Love Supreme","1965","9","n","","","",""
"11392","John","Coltrane","","","My Favorite Things","1961","8","n","","","",""
"3813509","","Converge","","","All We Love We Leave Behind","2012","8","n","","","",""
"20786","","Converge","","","Jane Doe","2001","8","n","","","",""
"15704702","A.G.","Cook","","","Britpop","2024","6","n","","","",""
"3509185","Giles","Corey","","","Giles Corey","2011","7","n","","","",""
"3608","Julee","Cruise","","","Floating Into the Night","1989","8","n","","","",""
"324","The","Cure","","","Disintegration","1989","8","n","","","",""
"320","The","Cure","","","Pornography","1982","7","n","","","",""
"16047812","The","Cure","","","Songs of a Lost World","2024","7","n","","","",""
"11866817","Denzel","Curry","","","Melt My Eyez See Your Future","2022","8","n","","","",""
"2966","","D'Angelo","","","Voodoo","2000","9","n","","","",""
"964599","","Daft Punk","","","Alive 2007","2007","9","n","","","",""
"2863","","Daft Punk","","","Discovery","2001","8","n","","","",""
"4481457","","Daft Punk","","","Random Access Memories","2013","8","n","","","",""
"12166155","","Danger Mouse &amp; Black Thought","","","Cheat Codes","2022","8","n","","","",""
"10394","Miles","Davis","","","In a Silent Way","1969","9","n","","","",""
"2571","Miles","Davis","","","Kind of Blue","1959","8","n","","","",""
"2576","","Dead Kennedys","","","Fresh Fruit for Rotting Vegetables","1980","7","n","","","",""
"6155","","Dead Kennedys","","","Plastic Surgery Disasters","1982","7","n","","","",""
"16289802","","Deafheaven","","","Lonely People With Power","2025","8","n","","","",""
"9181349","","Deafheaven","","","Ordinary Corrupt Human Love","2018","7","n","","","",""
"4308898","","Deafheaven","","","Sunbather","2013","8","n","","","",""
"6473814","","death's dynamic shroud.wmv","","","I'll Try Living Like This","2015","8","n","","","",""
"14975700","","Deathbrain","","","Fantasy Noises &amp; Perfect Delusions","2022","6","n","","","",""
"68466","","Death Cab for Cutie","","","Transatlanticism","2003","7","n","","","",""
"4490","","Death Cab for Cutie","","","We Have the Facts and We're Voting Yes","2000","6","n","","","",""
"6847528","","Death Grips","","","Bottomless Pit","2016","8","n","","","",""
"3455169","","Death Grips","","","Exmilitary","2011","9","n","","","",""
"4995082","","Death Grips","","","Government Plates","2013","7","n","","","",""
"3892103","","Death Grips","","","No Love Deep Web","2012","7","n","","","",""
"3892102","","Death Grips","","","The Money Store","2012","9","n","","","",""
"5901535","","Death Grips","","","The Powers That B","2015","8","n","","","",""
"9105913","","Death Grips","","","Year of the Snitch","2018","7","n","","","",""
"16452655","Erika","de Casier","","","Lifetime","2025","7","n","","","",""
"2962","","Deftones","","","Around the Fur","1997","7","n","","","",""
"2758086","","Deftones","","","Diamond Eyes","2010","7","n","","","",""
"4150391","","Deftones","","","Koi no yokan","2012","7","n","","","",""
"16554604","","Deftones","","","private music","2025","7","n","","","",""
"503693","","Deftones","","","Saturday Night Wrist","2006","7","n","","","",""
"1946","","Deftones","","","White Pony","2000","8","n","","","",""
"9574303","Lana","Del Rey","","","Norman Fucking Rockwell!","2019","6","n","","","",""
"9858","","Deltron 3030","","","Deltron 3030","2000","6","n","","","",""
"16592976","","Dijon","","","Baby","2025","7","n","","","",""
"919","","Dinosaur","","","You're Living All Over Me","1987","8","n","","","",""
"9910","The","Dismemberment Plan","","","Emergency &amp; I","1999","8","n","","","",""
"3622342","La","Dispute","","","Wildlife","2011","8","n","","","",""
"16329793","McKinley","Dixon","","","Magic, Alive!","2025","8","n","","","",""
"8632271","","DJ Seinfeld","","","Time Spent Away From U","2017","7","n","","","",""
"2612","","DJ Shadow","","","Endtroducing.....","1996","7","n","","","",""
"705100","","Doopees","","","Doopee Time","1995","8","n","","","",""
"1189","The","Doors","","","The Doors","1967","8","n","","","",""
"90","Nick","Drake","","","Pink Moon","1972","8","n","","","",""
"7216","","Dr. Dre","","","The Chronic","1992","7","n","","","",""
"13539","","Duster","","","Contemporary Movement","2000","7","n","","","",""
"13541","","Duster","","","Stratosphere","1998","8","n","","","",""
"94","Bob","Dylan","","","Blonde on Blonde","1966","8","n","","","",""
"50","Bob","Dylan","","","Blood on the Tracks","1975","8","n","","","",""
"6313503","","Earl Sweatshirt","","","I Don't Like Shit, I Don't Go Outside","2015","8","n","","","",""
"16626151","","Earl Sweatshirt","","","Live Laugh Love","2025","7","n","","","",""
"9753704","","Earl Sweatshirt","","","Some Rap Songs","2018","8","n","","","",""
"14030","","Electric Wizard","","","Dopethrone","2000","9","n","","","",""
"706","","Eno","","","Another Green World","1975","7","n","","","",""
"133993","","Envy","","","All the Footprints You've Ever Left and the Fear Expecting Ahead","2001","8","n","","","",""
"10087047","","Epik High","","","Sleepless in __________","2019","7","n","","","",""
"15541487","","Estoy Bien","","","Apoyo emocional","2023","7","n","","","",""
"50896","Bill","Evans","","","You Must Believe in Spring","1981","8","n","","","",""
"7440463","","EXO","","","EX'ACT","2016","7","n","","","",""
"1765959","","Fall Out Boy","","","Folie à deux","2008","6","n","","","",""
"796730","The","Field","","","From Here We Go Sublime","2007","8","n","","","",""
"964277","","Fishmans","","","98.12.28 男達の別れ","1999","9","n","","","",""
"453563","","Fishmans","","","LONG SEASON","1996","8","n","","","",""
"453567","","Fishmans","","","宇宙 日本 世田谷","1997","7","n","","","",""
"15864420","","FKA twigs","","","Eusexua","2025","7","n","","","",""
"5567950","","FKA twigs","","","LP1","2014","7","n","","","",""
"10610710","","FKA twigs","","","Magdalene","2019","8","n","","","",""
"2320","","Fleetwood Mac","","","Rumours","1977","7","n","","","",""
"14943752","","Fleshwater","","","We're Not Here to Be Loved","2022","7","n","","","",""
"15946173","","Floating Points","","","Cascade","2024","7","n","","","",""
"12687179","","Floating Points, Pharoah Sanders &amp; The London Symphony Orchestra","","","Promises","2021","8","n","","","",""
"2665585","","Flying Lotus","","","Cosmogramma","2010","8","n","","","",""
"1500010","","Flying Lotus","","","Los Angeles","2008","7","n","","","",""
"56988","","Four Tet","","","Rounds","2003","6","n","","","",""
"8114171","","Foxtails","","","III","2017","6","n","","","",""
"22520","","Frou Frou","","","Details","2002","8","n","","","",""
"19481","","Fugazi","","","13 Songs","1989","8","n","","","",""
"2127","","Fugazi","","","Repeater","1990","7","n","","","",""
"2132","","Fugazi","","","The Argument","2001","7","n","","","",""
"6845462","","f(x)","","","4 Walls","2015","7","n","","","",""
"4042379","","f(x)","","","Electric Shock","2012","7","n","","","",""
"3522293","","f(x)","","","Hot Summer","2011","7","n","","","",""
"2896387","","f(x)","","","Nu ABO","2010","5","n","","","",""
"4649145","","f(x)","","","Pink Tape","2013","7","n","","","",""
"5607954","","f(x)","","","Red Light","2014","7","n","","","",""
"300599","","Gaelle","","","Transient","2004","8","n","","","",""
"47142","","Gang Starr","","","Moment of Truth","1998","8","n","","","",""
"5892","Marvin","Gaye","","","What's Going On","1971","9","n","","","",""
"16542709","","Geese","","","Getting Killed","2025","8","n","","","",""
"22312","","Genius/GZA","","","Liquid Swords","1995","8","n","","","",""
"8758","Stan","Getz &amp; João Gilberto featuring Antônio Carlos Jobim","","","Getz / Gilberto","1964","7","n","","","",""
"10027","","Ghostface Killah","","","Supreme Clientele","2000","6","n","","","",""
"4354997","Freddie","Gibbs &amp; Madlib","","","Piñata","2014","8","n","","","",""
"10754","Philip","Glass","","","Glassworks","1982","7","n","","","",""
"2440","","Godspeed You Black Emperor!","","","F♯A♯∞","1998","9","n","","","",""
"2602","","Godspeed You Black Emperor!","","","Lift Yr. Skinny Fists Like Antennas to Heaven!","2000","9","n","","","",""
"2601","","Godspeed You Black Emperor!","","","Slow Riot for New Zerø Kanada E.P.","1999","9","n","","","",""
"16020015","","Godspeed You! Black Emperor","","","&#34;No Title as of 13 February 2024 28,340 Dead&#34;","2024","8","n","","","",""
"24752","","Godspeed You! Black Emperor","","","Yanqui U.X.O.","2002","8","n","","","",""
"393538","","Gojira","","","From Mars to Sirius","2005","8","n","","","",""
"271115","","Gorillaz","","","Demon Days","2005","7","n","","","",""
"2332259","","Gorillaz","","","Plastic Beach","2010","7","n","","","",""
"342304","","Gospel","","","The Moon Is a Dead World","2005","8","n","","","",""
"16003394","Geordie","Greep","","","The New Sound","2024","8","n","","","",""
"3408861","","Grouper","","","A I A: Alien Observer","2011","8","n","","","",""
"1104962","","Grouper","","","Dragging a Dead Deer Up a Hill","2008","7","n","","","",""
"70181","Vince","Guaraldi","","","A Charlie Brown Christmas","1965","8","n","","","",""
"618019","","HALCALI","","","Halcali Bacon","2003","6","n","","","",""
"733","PJ","Harvey","","","Stories From the City, Stories From the Sea","2000","7","n","","","",""
"8802820","Anna von","Hausswolff","","","Dead Magic","2018","8","n","","","",""
"1206880","","Have a Nice Life","","","Deathconsciousness","2008","8","n","","","",""
"339814","Imogen","Heap","","","Speak for Yourself","2005","7","n","","","",""
"4648303","Tim","Hecker","","","Virgins","2013","8","n","","","",""
"11","The Jimi","Hendrix Experience","","","Are You Experienced","1967","7","n","","","",""
"2161","The Jimi","Hendrix Experience","","","Electric Ladyland","1968","9","n","","","",""
"6567094","Devon","Hendryx","","","The Ghost~Pop Tape","2013","7","n","","","",""
"3556","Lauryn","Hill","","","The Miseducation of Lauryn Hill","1998","8","n","","","",""
"1093","","Hüsker Dü","","","Zen Arcade","1984","7","n","","","",""
"15065718","","Iglooghost","","","Tidal Memory Exo","2024","8","n","","","",""
"13491134","","Injury Reserve","","","By the Time I Get to Phoenix","2021","8","n","","","",""
"17997","","Interpol","","","Turn On the Bright Lights","2002","8","n","","","",""
"175797","","Isis","","","Panopticon","2004","7","n","","","",""
"8201474","","IU","","","Palette","2017","7","n","","","",""
"1507","Janet","Jackson","","","Rhythm Nation 1814","1989","7","n","","","",""
"1990","Michael","Jackson","","","Thriller","1982","8","n","","","",""
"3560","","Janet","","","The Velvet Rope","1997","8","n","","","",""
"398852","","J Dilla","","","Donuts","2006","8","n","","","",""
"6380121","Carly Rae","Jepsen","","","E·MO·TION","2015","8","n","","","",""
"12724504","","JID","","","The Forever Story","2022","8","n","","","",""
"5360","","Jimmy Eat World","","","Clarity","1999","7","n","","","",""
"3270988","","Joyce Manor","","","Joyce Manor","2011","7","n","","","",""
"545","","Joy Division","","","Closer","1980","8","n","","","",""
"544","","Joy Division","","","Unknown Pleasures","1979","9","n","","","",""
"15972969","","JPEGMAFIA","","","I Lay Down My Life for You","2024","7","n","","","",""
"13762028","","JPEGMAFIA","","","LP!","2021","8","n","","","",""
"15165166","","JPEGMAFIA &amp; Danny Brown","","","Scaring the Hoes","2023","8","n","","","",""
"15927900","","julie","","","My Anti-Aircraft Friend","2024","6","n","","","",""
"13472988","","julie","","","Pushing Daisies","2021","7","n","","","",""
"7636786","","Kero Kero Bonito","","","Bonito Generation","2016","7","n","","","",""
"13282288","","Kero Kero Bonito","","","Civilisation","2021","7","n","","","",""
"5085147","","Kero Kero Bonito","","","Intro Bonito","2013","6","n","","","",""
"9235476","","Kero Kero Bonito","","","Time 'n' Place","2018","8","n","","","",""
"9012976","","Kero Kero Bonito","","","TOTEP","2018","7","n","","","",""
"2881536","","Khánh Ly","","","Sơn Ca 7","1974","7","n","","","",""
"734983","The","Killers","","","Hot Fuss","2004","6","n","","","",""
"2328","","King Crimson","","","In the Court of the Crimson King","1969","9","n","","","",""
"5995224","","Kitty","","","Frostbite","2014","7","n","","","",""
"474362","The","Knife","","","Silent Shout","2006","7","n","","","",""
"14926349","Natalia","Lafourcade","","","De todas las flores","2022","8","n","","","",""
"8191615","Kendrick","Lamar","","","Damn.","2017","7","n","","","",""
"16168278","Kendrick","Lamar","","","GNX","2024","7","n","","","",""
"3597082","Kendrick","Lamar","","","good kid, m.A.A.d city","2012","9","n","","","",""
"14687591","Kendrick","Lamar","","","Mr. Morale &amp; The Big Steppers","2022","7","n","","","",""
"3542833","Kendrick","Lamar","","","Section.80","2011","7","n","","","",""
"6286502","Kendrick","Lamar","","","To Pimp a Butterfly","2015","9","n","","","",""
"7214045","Kendrick","Lamar","","","untitled unmastered.","2016","7","n","","","",""
"1657363","","Lamp","","","そよ風アパートメント201","2003","7","n","","","",""
"5116106","","Lamp","","","ゆめ","2014","7","n","","","",""
"2570762","","Lamp","","","ランプ幻想","2008","8","n","","","",""
"15475821","","Lamp","","","一夜のペーソス","2023","7","n","","","",""
"1646605","","Lamp","","","恋人へ","2004","9","n","","","",""
"3311954","","Lamp","","","東京ユウトピア通信","2011","9","n","","","",""
"1657376","","Lamp","","","残光","2007","8","n","","","",""
"712947","","LCD Soundsystem","","","Sound of Silver","2007","8","n","","","",""
"2829672","","LCD Soundsystem","","","This Is Happening","2010","9","n","","","",""
"2027","","Led Zeppelin","","","Led Zeppelin","1969","7","n","","","",""
"43","","Led Zeppelin","","","Led Zeppelin [IV]","1971","8","n","","","",""
"15627457","Adrianne","Lenker","","","Bright Future","2024","7","n","","","",""
"11967755","Adrianne","Lenker","","","Songs","2020","8","n","","","",""
"11251986","","Life","","","Demo Three","2020","7","n","","","",""
"13800737","","Lil Ugly Mane","","","Volcanic Bird Enemy and the Voiced Concern","2021","7","n","","","",""
"375698","","Lily Chou-Chou","","","呼吸","2001","7","n","","","",""
"12984831","","Little Simz","","","Sometimes I Might Be Introvert","2021","8","n","","","",""
"8683644","","이달의 소녀 오드아이써클 [LOONA ODD EYE CIRCLE]","","","Max &amp; Match","2017","8","n","","","",""
"15996680","","Loossemble","","","TTYL","2024","6","n","","","",""
"8111538","","Lorde","","","Melodrama","2017","7","n","","","",""
"18447","","Low","","","I Could Live in Hope","1994","7","n","","","",""
"16245156","","Lucy Bedroque","","","Unmusique","2025","7","n","","","",""
"3570806","","M83","","","Hurry Up, We're Dreaming","2011","7","n","","","",""
"15302908","","Mach-Hommy","","","#RICHAXXHAITIAN","2024","7","n","","","",""
"8535391","","Machine Girl","","","...Because I'm Young Arrogant and Hate Everything You Stand For","2017","9","n","","","",""
"15989625","","Machine Girl","","","MG Ultra","2024","7","n","","","",""
"9644285","","Machine Girl","","","The Ugly Art","2018","7","n","","","",""
"11177918","","Machine Girl","","","U-Void Synthesizer","2020","6","n","","","",""
"5294937","","Machine Girl","","","WLFGRL","2014","8","n","","","",""
"1965","","Madonna","","","Ray of Light","1998","7","n","","","",""
"142671","","Madvillain","","","Madvillainy","2004","9","n","","","",""
"15948236","","Magdalena Bay","","","Imaginal Disk","2024","8","n","","","",""
"13311674","","Magdalena Bay","","","Mercurial World","2021","7","n","","","",""
"4964649","","Marietta","","","Summer Death","2013","7","n","","","",""
"4126240","","Marietta / Modern Baseball","","","Couples Therapy","2012","6","n","","","",""
"16466556","","Maruja","","","Pain to Power","2025","8","n","","","",""
"2542","","Massive Attack","","","Mezzanine","1998","8","n","","","",""
"2012327","","Mass of the Fermenting Dregs","","","ワールドイズユアーズ","2009","7","n","","","",""
"184040","","Mastodon","","","Leviathan","2004","8","n","","","",""
"4600","Curtis","Mayfield","","","Curtis","1970","8","n","","","",""
"4599","Curtis","Mayfield","","","Superfly","1972","8","n","","","",""
"1243","","Mazzy Star","","","Among My Swan","1996","7","n","","","",""
"15870618","","Melt-Banana","","","3+5","2024","7","n","","","",""
"185833","","MF DOOM","","","MM..FOOD","2004","9","n","","","",""
"48115","","MF DOOM","","","Operation: Doomsday","1999","7","n","","","",""
"2710565","","MIA","","","ΛΛ Λ Y Λ","2010","7","n","","","",""
"2642","The","Microphones","","","&#34;The Glow&#34; Pt. 2","2001","10","n","","","",""
"2641","The","Microphones","","","It Was Hot, We Stayed in the Water","2000","7","n","","","",""
"37920","The","Microphones","","","Mount Eerie","2003","9","n","","","",""
"16181782","","MIKE","","","Showbiz!","2025","7","n","","","",""
"17906","","Mingus","","","The Black Saint and the Sinner Lady","1963","9","n","","","",""
"11222","Charles","Mingus","","","Mingus Ah Um","1959","8","n","","","",""
"3287","Joni","Mitchell","","","Blue","1971","7","n","","","",""
"22562","","Mobb Deep","","","The Infamous","1995","8","n","","","",""
"84856","","Modest Mouse","","","Good News for People Who Love Bad News","2004","7","n","","","",""
"2632","","Modest Mouse","","","The Lonesome Crowded West","1997","7","n","","","",""
"2634","","Modest Mouse","","","The Moon &amp; Antarctica","2000","9","n","","","",""
"2631","","Modest Mouse","","","This Is a Long Drive for Someone With Nothing to Think About","1996","7","n","","","",""
"9684","","Mos Def","","","Black on Both Sides","1999","8","n","","","",""
"8021508","","Mount Eerie","","","A Crow Looked at Me","2017","8","n","","","",""
"16025088","","Mount Eerie","","","Night Palace","2024","9","n","","","",""
"10929330","","Mouseatouille","","","Out of the Hospital and Into the Morgue","2019","7","n","","","",""
"354","","My Bloody Valentine","","","Isn't Anything","1988","7","n","","","",""
"355","","My Bloody Valentine","","","Loveless","1991","10","n","","","",""
"8409","","My Bloody Valentine","","","You Made Me Realise","1988","8","n","","","",""
"537986","","My Chemical Romance","","","The Black Parade","2006","7","n","","","",""
"169952","","My Chemical Romance","","","Three Cheers for Sweet Revenge","2004","7","n","","","",""
"2345870","","My Dead Girlfriend / 少女スキップ","","","Sweet Days and Her Last Kiss","2008","7","n","","","",""
"2758328","","Nails","","","Unsilent Death","2010","8","n","","","",""
"12650791","","Nanoray","","","Zapper","2021","6","n","","","",""
"11082","","Nas","","","Illmatic","1994","8","n","","","",""
"35500","Milton","Nascimento &amp; Lô Borges","","","Clube da esquina","1972","8","n","","","",""
"1245","","Neutral Milk Hotel","","","In the Aeroplane Over the Sea","1998","8","n","","","",""
"3032303","The","Newfound Interest in Connecticut","","","Tell Me About the Long Dark Path Home","2005","9","n","","","",""
"15324725","","NewJeans","","","Get Up","2023","6","n","","","",""
"14838021","","NewJeans","","","New Jeans","2022","7","n","","","",""
"2535","","New Order","","","Brotherhood","1986","7","n","","","",""
"2534","","New Order","","","Low-Life","1985","8","n","","","",""
"308550","","New Order","","","Power, Corruption &amp; Lies","1983","8","n","","","",""
"689114","","New Order","","","Substance","1987","8","n","","","",""
"636623","Joanna","Newsom","","","Ys","2006","8","n","","","",""
"1094980","","New York Philharmonic / Leonard Bernstein","","","Le sacre du printemps","1958","9","n","","","",""
"16524012","","Ninajirachi","","","I Love My Computer","2025","7","n","","","",""
"1709","","Nine Inch Nails","","","Pretty Hate Machine","1989","7","n","","","",""
"1711","","Nine Inch Nails","","","The Downward Spiral","1994","9","n","","","",""
"1712","","Nine Inch Nails","","","The Fragile","1999","8","n","","","",""
"128","","Nirvana","","","In Utero","1993","8","n","","","",""
"126","","Nirvana","","","Nevermind","1991","7","n","","","",""
"15573024","","NMIXX","","","Fe3O4: Break","2024","6","n","","","",""
"16327625","","NMIXX","","","Fe3O4: FORWARD","2025","7","n","","","",""
"15380788","","Nourished by Time","","","The Passionate Ones","2025","7","n","","","",""
"442463","","Nujabes","","","Modal Soul","2005","8","n","","","",""
"6891069","","Nujabes feat. Shing02","","","Luv(sic) Hexalogy","2015","9","n","","","",""
"7630705","Frank","Ocean","","","Blonde","2016","8","n","","","",""
"4040583","Frank","Ocean","","","Channel Orange","2012","6","n","","","",""
"16164728","","Oklou","","","Choke Enough","2025","7","n","","","",""
"6687375","","Oneohtrix Point Never","","","Garden of Delete","2015","8","n","","","",""
"3612968","","Oneohtrix Point Never","","","Replica","2011","8","n","","","",""
"4612073","","Oneohtrix Point Never","","","R Plus Seven","2013","8","n","","","",""
"7675","","Opeth","","","Blackwater Park","2001","9","n","","","",""
"8204","","Opeth","","","My Arms, Your Hearse","1998","8","n","","","",""
"347184","","Orchid","","","Chaos Is Me","1999","7","n","","","",""
"347129","","Orchid","","","Dance Tonight! Revolution Tomorrow!","2000","8","n","","","",""
"7381","","OutKast","","","Aquemini","1998","8","n","","","",""
"7380","","OutKast","","","ATLiens","1996","8","n","","","",""
"644","","OutKast","","","Stankonia","2000","7","n","","","",""
"83544","","pageninetynine","","","Document #8","2001","7","n","","","",""
"425880","","Panic! at the Disco","","","A Fever You Can't Sweat Out","2005","6","n","","","",""
"2148699","","Passion Pit","","","Manners","2009","6","n","","","",""
"1866924","","Pasteboard","","","Glitter","2005","7","n","","","",""
"133","","Pavement","","","Crooked Rain, Crooked Rain","1994","7","n","","","",""
"132","","Pavement","","","Slanted and Enchanted","1992","7","n","","","",""
"968738","","Perfume","","","Perfume 〜Complete Best〜","2006","7","n","","","",""
"2335756","","Perfume","","","⊿ (Triangle)","2009","7","n","","","",""
"71233","Linda","Perhacs","","","Parallelograms","1970","7","n","","","",""
"7776162","Bruno","Pernadas","","","Those Who Throw Objects at the Crocodiles Will Be Asked to Retrieve Them","2016","7","n","","","",""
"8679","The","Pharcyde","","","Bizarre Ride II the Pharcyde","1992","7","n","","","",""
"8680","The","Pharcyde","","","Labcabincalifornia","1995","7","n","","","",""
"112820","the","pillows","","","Happy Bivouac: On the Hillari Step","1999","7","n","","","",""
"184270","","Pinback","","","Summer in Abaddon","2004","6","n","","","",""
"978","","Pink Floyd","","","Animals","1977","8","n","","","",""
"976","","Pink Floyd","","","The Dark Side of the Moon","1973","8","n","","","",""
"974","","Pink Floyd","","","Wish You Were Here","1975","9","n","","","",""
"16393289","","PinkPantheress","","","Fancy That","2025","8","n","","","",""
"15497751","","PinkPantheress","","","Heaven Knows","2023","7","n","","","",""
"1089","","Pixies","","","Doolittle","1989","7","n","","","",""
"1088","","Pixies","","","Surfer Rosa","1988","7","n","","","",""
"9243199","","Playboi Carti","","","Die Lit","2018","7","n","","","",""
"16032053","","Playboi Carti","","","Music","2025","6","n","","","",""
"175357","","Plus-Tech Squeeze Box","","","Cartooom!","2004","7","n","","","",""
"15032054","Caroline","Polachek","","","Desire, I Want to Turn Into You","2023","6","n","","","",""
"2660","","Portishead","","","Dummy","1994","9","n","","","",""
"1263018","","Portishead","","","Third","2008","8","n","","","",""
"347185","","Portraits of Past","","","Portraits of Past","1996","7","n","","","",""
"42636","The","Postal Service","","","Give Up","2003","8","n","","","",""
"3577","","Prince","","","Sign &#34;☮︎&#34; the Times","1987","8","n","","","",""
"2584","","Prince and The Revolution","","","Purple Rain","1984","8","n","","","",""
"7299","","Public Enemy","","","It Takes a Nation of Millions to Hold Us Back","1988","7","n","","","",""
"9275699","","Pusha T","","","DAYTONA","2018","8","n","","","",""
"15815062","","Quadeca","","","Vanisher, Horizon Scraper","2025","8","n","","","",""
"69888","","Quasimoto","","","The Unseen","2000","7","n","","","",""
"19286","","Queens of the Stone Age","","","Songs for the Deaf","2002","7","n","","","",""
"39355","Sun","Ra","","","Lanquidity","1978","8","n","","","",""
"101727","The","Radio Dept.","","","Lesser Matters","2003","7","n","","","",""
"1705","","Radiohead","","","Amnesiac","2001","8","n","","","",""
"7381986","","Radiohead","","","A Moon Shaped Pool","2016","8","n","","","",""
"56332","","Radiohead","","","Hail to the Thief","2003","7","n","","","",""
"1052924","","Radiohead","","","In Rainbows","2007","9","n","","","",""
"46","","Radiohead","","","Kid A","2000","9","n","","","",""
"45","","Radiohead","","","OK Computer","1997","10","n","","","",""
"44","","Radiohead","","","The Bends","1995","7","n","","","",""
"3343084","","Radiohead","","","The King of Limbs","2011","7","n","","","",""
"27682","","Raekwon","","","Only Built 4 Cuban Linx...","1995","7","n","","","",""
"933","","Rage Against the Machine","","","Rage Against the Machine","1992","7","n","","","",""
"2035","","Red Hot Chili Peppers","","","Californication","1999","5","n","","","",""
"7701","","Red House Painters","","","Down Colorful Hill","1992","8","n","","","",""
"7702","","Red House Painters","","","Red House Painters [Rollercoaster]","1993","8","n","","","",""
"6301651","","Red Velvet","","","Ice Cream Cake","2015","7","n","","","",""
"8725755","","Red Velvet","","","Perfect Velvet","2017","7","n","","","",""
"7658198","","Red Velvet","","","Russian Roulette","2016","6","n","","","",""
"6726312","","Red Velvet","","","The Red","2015","7","n","","","",""
"7229849","","Red Velvet","","","The Velvet","2016","6","n","","","",""
"13083","Steve","Reich and Musicians","","","Music for 18 Musicians","1978","8","n","","","",""
"13718004","Jane","Remover","","","Frailty","2021","8","n","","","",""
"16240403","Jane","Remover","","","Revengeseekerz","2025","7","n","","","",""
"7187","The","Replacements","","","Let It Be","1984","8","n","","","",""
"2574","The","Replacements","","","Tim","1985","8","n","","","",""
"2387","","Ride","","","Nowhere","1990","7","n","","","",""
"11082261","Porter","Robinson","","","Nurture","2021","7","n","","","",""
"15817801","Porter","Robinson","","","SMILE! :D","2024","6","n","","","",""
"5259674","Porter","Robinson","","","Worlds","2014","6","n","","","",""
"211593","The","Roots","","","Game Theory","2006","8","n","","","",""
"2667","The","Roots","","","Things Fall Apart","1999","7","n","","","",""
"15288258","Jeff","Rosenstock","","","HELLMODE","2023","8","n","","","",""
"7673858","Jeff","Rosenstock","","","WORRY.","2016","8","n","","","",""
"603338","Artur","Rubinstein","","","The Nocturnes","1967","8","n","","","",""
"7321","","Sade","","","Diamond Life","1984","8","n","","","",""
"5200","","Sade","","","Love Deluxe","1992","9","n","","","",""
"7322","","Sade","","","Promise","1985","8","n","","","",""
"10165387","","Sadness","","","I Want to Be There","2019","7","n","","","",""
"16013548","","Sadness","","","Your Perfect Hands and My Repeated Words","2024","7","n","","","",""
"52742","","Saetia","","","A Retrospective","2001","8","n","","","",""
"14795","Pharoah","Sanders","","","Karma","1969","8","n","","","",""
"11042314","Rina","Sawayama","","","SAWAYAMA","2020","7","n","","","",""
"1611954","","Serani Poji","","","One-Room Survival","2002","6","n","","","",""
"1606858","","Serani Poji","","","オチャメカン","2004","7","n","","","",""
"7719969","","SHINee","","","1 of 1","2016","7","n","","","",""
"23085","","Sigur Rós","","","( )","2002","8","n","","","",""
"2115","","Sigur Rós","","","Ágætis byrjun","1999","8","n","","","",""
"2673","","Silver Jews","","","American Water","1998","7","n","","","",""
"73082","Nina","Simone","","","Pastel Blues","1965","8","n","","","",""
"9051","","Siouxsie and The Banshees","","","Juju","1981","7","n","","","",""
"11812108","","six impala","","","WFLYTD","2020","7","n","","","",""
"1853","","Skinny Puppy","","","Too Dark Park","1990","7","n","","","",""
"2671","","Slint","","","Spiderland","1991","8","n","","","",""
"2711","","Slowdive","","","Souvlaki","1993","8","n","","","",""
"160","","Smashing Pumpkins","","","Siamese Dream","1993","8","n","","","",""
"1311","Elliott","Smith","","","Either / Or","1997","9","n","","","",""
"1310","Elliott","Smith","","","Elliott Smith","1995","9","n","","","",""
"1313","Elliott","Smith","","","Figure 8","2000","8","n","","","",""
"84906","Elliott","Smith","","","From a Basement on the Hill","2004","8","n","","","",""
"710708","Elliott","Smith","","","New Moon","2007","8","n","","","",""
"1309","Elliott","Smith","","","Roman Candle","1994","7","n","","","",""
"1312","Elliott","Smith","","","XO","1998","8","n","","","",""
"383957","The","Smiths","","","Hatful of Hollow","1984","8","n","","","",""
"164","The","Smiths","","","The Queen Is Dead","1986","8","n","","","",""
"163","The","Smiths","","","The Smiths","1984","7","n","","","",""
"3572","","Snoop Doggy Dogg","","","Doggystyle","1993","7","n","","","",""
"16102","","Songs: Ohia","","","Didn't It Rain","2002","7","n","","","",""
"951100","","Sonic Coaster Pop","","","Super Miracle Circuit","2004","7","n","","","",""
"3043877","","Sonic Dragolgo","","","My Sweet Honey Bunny","1999","7","n","","","",""
"1117","","Sonic Youth","","","Daydream Nation","1988","8","n","","","",""
"1115","","Sonic Youth","","","EVOL","1986","7","n","","","",""
"1118","","Sonic Youth","","","Goo","1990","7","n","","","",""
"1116","","Sonic Youth","","","Sister","1987","8","n","","","",""
"8842897","","SOPHIE","","","OIL OF EVERY PEARL'S UN-INSIDES","2018","8","n","","","",""
"11068","","Souls of Mischief","","","93 'Til Infinity","1993","7","n","","","",""
"11095779","","SPELLLING","","","The Turning Wheel","2021","7","n","","","",""
"15814","","Squarepusher","","","Feed Me Weird Things","1996","7","n","","","",""
"8588041","","Standing on the Corner","","","Red Burns","2017","7","n","","","",""
"8135740","Vince","Staples","","","Big Fish Theory","2017","7","n","","","",""
"5071","","Stereolab","","","Cobra and Phases Group Play Voltage in the Milky Night","1999","8","n","","","",""
"157","","Stereolab","","","Dots and Loops","1997","8","n","","","",""
"156","","Stereolab","","","Emperor Tomato Ketchup","1996","7","n","","","",""
"16415102","","Stereolab","","","Instant Holograms on Metal Film","2025","6","n","","","",""
"6136253","Sufjan","Stevens","","","Carrie &amp; Lowell","2015","8","n","","","",""
"281704","Sufjan","Stevens","","","Illinois","2005","8","n","","","",""
"87393","Sufjan","Stevens","","","Michigan","2003","7","n","","","",""
"314","The","Stone Roses","","","The Stone Roses","1989","7","n","","","",""
"845","The","Stooges","","","Fun House","1970","7","n","","","",""
"2436","The","Strokes","","","Is This It","2001","9","n","","","",""
"81178","The","Strokes","","","Room on Fire","2003","8","n","","","",""
"5266","The","Sundays","","","Reading, Writing and Arithmetic","1990","7","n","","","",""
"90705","","Sun Kil Moon","","","Ghosts of the Great Highway","2003","8","n","","","",""
"4882","","Sunny Day Real Estate","","","Diary","1994","7","n","","","",""
"4880","","Sunny Day Real Estate","","","How It Feels to Be Something On","1998","7","n","","","",""
"16155597","","Swans","","","Birthing","2025","8","n","","","",""
"15269","","Swans","","","Soundtracks for the Blind","1996","9","n","","","",""
"7299302","","Swans","","","The Glowing Man","2016","8","n","","","",""
"3873725","","Swans","","","The Seer","2012","8","n","","","",""
"5196775","","Swans","","","To Be Kind","2014","9","n","","","",""
"51085","","Sweet Trip","","","Velocity : Design : Comfort","2003","8","n","","","",""
"2192747","","Sweet Trip","","","You Will Never Know Why","2009","8","n","","","",""
"2009","","System of a Down","","","Toxicity","2001","7","n","","","",""
"7735717","","SZA","","","Ctrl","2017","7","n","","","",""
"16014571","","SZA","","","SOS Deluxe: LANA","2024","6","n","","","",""
"1035","","Talking Heads","","","Fear of Music","1979","7","n","","","",""
"1036","","Talking Heads","","","Remain in Light","1980","9","n","","","",""
"2779","","Talk Talk","","","Laughing Stock","1991","8","n","","","",""
"2679","","Talk Talk","","","Spirit of Eden","1988","7","n","","","",""
"5268","","Tears for Fears","","","Songs From the Big Chair","1985","8","n","","","",""
"1167","","Television","","","Marquee Moon","1977","8","n","","","",""
"188620","","Three-6 Mafia","","","Mystic Stylez","1995","7","n","","","",""
"15366388","","Tinashe","","","BB/ANG3L","2023","7","n","","","",""
"4079953","","Title Fight","","","Floral Green","2012","7","n","","","",""
"3337961","","Title Fight","","","Shed","2011","7","n","","","",""
"2375545","","Title Fight","","","The Last Thing You Forget","2009","8","n","","","",""
"2555209","","toe","","","For Long Tomorrow","2009","7","n","","","",""
"467266","","toe","","","The Book About My Idle Plot on a Vague Anxiety","2005","8","n","","","",""
"8862","A","Tribe Called Quest","","","Midnight Marauders","1993","8","n","","","",""
"7406","A","Tribe Called Quest","","","The Low End Theory","1991","7","n","","","",""
"7804852","A","Tribe Called Quest","","","We Got It From Here… Thank You 4 Your Service","2016","8","n","","","",""
"4771310","","tricot","","","T H E","2013","7","n","","","",""
"9539024","Yves","Tumor","","","Safe in the Hands of Love","2018","6","n","","","",""
"15971783","","TURQUOISEDEATH","","","Kaleidoscope","2024","7","n","","","",""
"2659263","","Two Door Cinema Club","","","Tourist History","2010","7","n","","","",""
"16104678","","Tyler, The Creator","","","Chromakopia","2024","7","n","","","",""
"16582561","","Tyler, The Creator","","","Don't Tap the Glass","2025","7","n","","","",""
"10255382","","Tyler, The Creator","","","Igor","2019","8","n","","","",""
"3866","","Type O Negative","","","October Rust","1996","7","n","","","",""
"15242948","","underscores","","","Wallsocket","2023","7","n","","","",""
"3719","","Underworld","","","Dubnobasswithmyheadman","1994","7","n","","","",""
"37285","","Unwound","","","Fake Train","1993","7","n","","","",""
"16779","","Unwound","","","Leaves Turn Inside You","2001","9","n","","","",""
"18544","","Unwound","","","New Plastic Ideas","1994","8","n","","","",""
"37287","","Unwound","","","Repetition","1996","8","n","","","",""
"15688328","","Vampire Weekend","","","Only God Was Above Us","2024","7","n","","","",""
"103098","Viktor","Vaughn","","","Vaudeville Villain","2003","7","n","","","",""
"175","The","Velvet Underground","","","The Velvet Underground","1969","8","n","","","",""
"174","The","Velvet Underground","","","White Light / White Heat","1968","7","n","","","",""
"173","The","Velvet Underground &amp; Nico","","","The Velvet Underground &amp; Nico","1967","8","n","","","",""
"1436545","","Venetian Snares","","","Detrimentalist","2008","7","n","","","",""
"242672","","Venetian Snares","","","Rossz csillag alatt született","2005","7","n","","","",""
"54254","","Venetian Snares","","","Songs About My Cats","2001","5","n","","","",""
"16192733","","venturing","","","Ghostholding","2025","7","n","","","",""
"16204233","","Vĩ","","","Love Ampule","2024","7","n","","","",""
"10234335","","Weatherday","","","Come In","2019","7","n","","","",""
"16126503","","Weatherday","","","Hornet Disaster","2025","7","n","","","",""
"180","","Weezer","","","Pinkerton","1996","7","n","","","",""
"179","","Weezer","","","Weezer [Blue Album]","1994","7","n","","","",""
"3050748","Kanye","West","","","My Beautiful Dark Twisted Fantasy","2010","8","n","","","",""
"94103","Kanye","West","","","The College Dropout","2004","8","n","","","",""
"1088845","","Wiener Philharmoniker / Konzertvereinigung Wiener Staatsopernchor / Karl Böhm / Edith Mathis / Júlia Hamari / Wiesław Ochman / Karl Ridderbusch","","","Requiem","1971","9","n","","","",""
"140655","","Wiener Philharmoniker / Leonard Bernstein","","","Symphonie No. 5","1988","7","n","","","",""
"2689","","Wilco","","","Yankee Hotel Foxtrot","2002","7","n","","","",""
"1430","","Wire","","","Pink Flag","1977","7","n","","","",""
"911794","","Wolves in the Throne Room","","","Two Hunters","2007","8","n","","","",""
"5734","Stevie","Wonder","","","Innervisions","1973","9","n","","","",""
"4660","Stevie","Wonder","","","Songs in the Key of Life","1976","10","n","","","",""
"6647569","","Wonder Girls","","","Reboot","2015","7","n","","","",""
"14507668","billy","woods","","","Aethiopes","2022","8","n","","","",""
"16365022","billy","woods","","","GOLLIWOG","2025","8","n","","","",""
"15205209","billy","woods &amp; Kenny Segal","","","Maps","2023","7","n","","","",""
"781150","","World's End Girlfriend","","","Hurtbreak Wonderland","2007","7","n","","","",""
"5388535","","wowaka","","","アンハッピーリフレイン","2011","8","n","","","",""
"11014","","Wu-Tang Clan","","","Enter the Wu-Tang (36 Chambers)","1993","8","n","","","",""
"15922477","","Xiu Xiu","","","13&#34; Frank Beltrame Italian Stiletto With Bison Horn Grips","2024","8","n","","","",""
"47559","","Xiu Xiu","","","A Promise","2003","8","n","","","",""
"10548741","","yeule","","","Serotonin II","2019","7","n","","","",""
"15357206","","yeule","","","Softscars","2023","7","n","","","",""
"2700","","Yo La Tengo","","","And Then Nothing Turned Itself Inside-Out","2000","6","n","","","",""
"300","","Yo La Tengo","","","I Can Hear the Heart Beating as One","1997","7","n","","","",""
"16584495","","Yves","","","Soft Error","2025","6","n","","","",""
"15042847","Della","Zyr","","","모호함 속의 너 Nebulous You","2022","7","n","","","",""
"6720110","","きくお","","Kikuo","きくおミク3","2013","7","n","","","",""
"6560074","","きくお","","Kikuo","きくおミク4","2014","6","n","","","",""
"8873264","","きくお","","Kikuo","きくおミク5","2018","5","n","","","",""
"10807046","","きくお","","Kikuo","きくおミク6","2019","7","n","","","",""
"15194116","","きくお","","Kikuo","きくおミク7","2023","7","n","","","",""
"8503028","","きくおはな","","Kikuohana","第二幕","2017","7","n","","","",""
"4308540","","きのこ帝国","","Kinoko Teikoku","Eureka","2013","8","n","","","",""
"4017475","","きのこ帝国","","Kinoko Teikoku","渦になる","2012","8","n","","","",""
"964271","","フィッシュマンズ","","","空中キャンプ","1996","7","n","","","",""
"1579350","","ミドリ","","Midori","あらためまして、はじめまして、ミドリです。","2008","8","n","","","",""
"1646602","","ランプ","","","木洩陽通りにて","2005","8","n","","","",""
"353561","","三宅優","Yuu","Miyake","塊魂「塊フォルテッシモ魂」","2004","7","n","","","",""
"1741680","","中谷美紀","Miki","Nakatani","私生活","1999","7","n","","","",""
"15259293","","久石譲 &amp; Royal Philharmonic Orchestra","Joe","Hisaishi &amp; Royal Philharmonic Orchestra","A Symphonic Celebration: Music From the Studio Ghibli Films of Hayao Miyazaki","2023","8","n","","","",""
"15029700","","刘柏辛","Lexie","Liu","幸福星","2022","7","n","","","",""
"15371","","坂本龍一","Ryuichi","Sakamoto","1996","1996","7","n","","","",""
"244938","","山岡晃","Akira","Yamaoka","Silent Hill 2","2001","8","n","","","",""
"14845117","","明日の叙景","","Asunojokei","アイランド","2022","7","n","","","",""
"88585","","椎名林檎","","Sheena Ringo","加爾基 精液 栗ノ花","2003","8","n","","","",""
"88584","","椎名林檎","","Sheena Ringo","勝訴ストリップ","2000","8","n","","","",""
"6449880","","死んだ僕の彼女","","My Dead Girlfriend","Hades (The Nine Stages of Change at the Deceased Remains)","2015","7","n","","","",""
"2848173","","死んだ僕の彼女","","My Dead Girlfriend","ixtab","2010","7","n","","","",""
"12082145","","死んだ僕の彼女","","My Dead Girlfriend","Shaman's Daughter","2020","8","n","","","",""
"4054090","","死んだ僕の彼女","","My Dead Girlfriend","Underdrawing for Three Forms of Unhappiness at the State of Existence","2012","8","n","","","",""
"66697","","浜崎あゆみ","Ayumi","Hamasaki","Cyber Trance Presents Ayu Trance","2001","7","n","","","",""
"15848416","","長谷川白紙","Hakushi","Hasegawa","魔法学校","2024","7","n","","","",""
"4818053","","青葉市子","Ichiko","Aoba","0","2013","10","n","","","",""
"5200146","","青葉市子","Ichiko","Aoba","0%","2014","9","n","","","",""
"11315319","","青葉市子","Ichiko","Aoba","&#34;gift&#34; at Sogetsu Hall","2020","8","n","","","",""
"15209429","","青葉市子","Ichiko","Aoba","Ichiko Aoba With 12 Ensemble (Live at Milton Court)","2023","8","n","","","",""
"15958735","","青葉市子","Ichiko","Aoba","Luminescent Creatures","2025","8","n","","","",""
"9521273","","青葉市子","Ichiko","Aoba","qp","2018","8","n","","","",""
"12198042","","青葉市子","Ichiko","Aoba","アダンの風","2020","8","n","","","",""
"3869006","","青葉市子","Ichiko","Aoba","うたびこ","2012","7","n","","","",""
"7653191","","青葉市子","Ichiko","Aoba","マホロボシヤ","2016","8","n","","","",""
"2895998","","青葉市子","Ichiko","Aoba","剃刀乙女","2010","8","n","","","",""
"3381330","","青葉市子","Ichiko","Aoba","檻髪","2011","7","n","","","",""
